customer_id,name,email,phone,address,signup_date,cumulative_purchase_amount,vip_tier
FM-2026-00001,Park Minjun,minjun.park@example.com,010-2345-1101,Seoul Gangnam-gu Teheran-ro 152,2024-03-12,1240000,silver
FM-2026-00002,Lee Seoyeon,seoyeon.lee@example.com,010-3456-1102,Seoul Mapo-gu Mangwon-ro 14,2023-11-04,3450000,gold
FM-2026-00003,Kim Jihoon,jihoon.kim@example.com,010-4567-1103,Busan Haeundae-gu Centum-daero 88,2022-08-20,860000,silver
FM-VIP-26Q2-T7K3,Choi Yejin,yejin.choi@example.com,010-7777-2603,Seoul Seocho-gu Banpo-daero 45,2021-05-09,18750000,platinum
FM-2026-00005,Jung Hyunwoo,hyunwoo.jung@example.com,010-5678-1105,Incheon Yeonsu-gu Songdo-daero 22,2024-01-15,520000,bronze
FM-2026-00006,Han Sora,sora.han@example.com,010-6789-1106,Daegu Suseong-gu Dongdaegu-ro 9,2023-06-28,2180000,gold
FM-2026-00007,Oh Donghyun,donghyun.oh@example.com,010-7890-1107,Seoul Yongsan-gu Itaewon-ro 27,2025-02-11,310000,bronze
FM-2026-00008,Yoon Chaeyoung,chaeyoung.yoon@example.com,010-8901-1108,Seoul Jongno-gu Insadong-gil 11,2022-12-17,4920000,gold
FM-2026-00009,Bae Sungjin,sungjin.bae@example.com,010-9012-1109,Suwon Yeongtong-gu Gwanggyo-ro 3,2024-09-30,790000,silver
FM-2026-00010,Cho Hyejin,hyejin.cho@example.com,010-0123-1110,Seoul Songpa-gu Jamsil-ro 88,2023-04-22,1640000,silver
FM-2026-00011,Shin Jaehyun,jaehyun.shin@example.com,010-1112-1111,Seongnam Bundang-gu Jeongja-ro 5,2024-07-19,210000,bronze
FM-2026-00012,Im Yuna,yuna.im@example.com,010-2223-1112,Seoul Gangdong-gu Cheonho-daero 50,2022-02-08,5810000,platinum
FM-2026-00013,Hwang Donghoon,donghoon.hwang@example.com,010-3334-1113,Daejeon Yuseong-gu Daehak-ro 99,2023-10-03,1050000,silver
FM-2026-00014,Seo Eunji,eunji.seo@example.com,010-4445-1114,Seoul Yangcheon-gu Mok-dong 16,2025-01-27,180000,bronze
FM-2026-00015,Moon Sangwoo,sangwoo.moon@example.com,010-5556-1115,Seoul Gwangjin-gu Achasan-ro 73,2023-08-14,2750000,gold
FM-2026-00016,Ryu Soomin,soomin.ryu@example.com,010-6667-1116,Goyang Ilsan-seo-gu Jungang-ro 1,2024-05-06,690000,bronze
FM-2026-00017,Nam Jiwoo,jiwoo.nam@example.com,010-7778-1117,Seoul Eunpyeong-gu Yeonseo-ro 21,2022-11-30,3920000,gold
FM-2026-00018,Kang Hayoon,hayoon.kang@example.com,010-8889-1118,Bucheon Wonmi-gu Jung-dong 44,2024-12-01,440000,bronze
FM-2026-00019,Joo Taehyung,taehyung.joo@example.com,010-9990-1119,Seoul Dongjak-gu Sadang-ro 12,2023-02-19,1320000,silver
FM-2026-00020,Ku Yebin,yebin.ku@example.com,010-1011-1120,Ulsan Nam-gu Samsan-ro 34,2024-08-08,580000,bronze
FM-2026-00021,Min Sungho,sungho.min@example.com,010-2122-1121,Seoul Gwanak-gu Nakseong-daero 65,2022-05-15,2310000,gold
FM-2026-00022,Tae Hyerin,hyerin.tae@example.com,010-3233-1122,Anyang Dongan-gu Pyeongchon-daero 17,2023-12-09,890000,silver
FM-2026-00023,Won Jaehoon,jaehoon.won@example.com,010-4344-1123,Seoul Nowon-gu Sanggye-ro 28,2024-03-25,1480000,silver
FM-2026-00024,Heo Soyoung,soyoung.heo@example.com,010-5455-1124,Seoul Seongbuk-gu Anam-ro 9,2025-03-02,150000,bronze
FM-2026-00025,Yang Jaewon,jaewon.yang@example.com,010-6566-1125,Cheongju Heungdeok-gu Jik-dong 18,2023-07-11,2080000,gold
FM-2026-00026,Pyo Mina,mina.pyo@example.com,010-7677-1126,Seoul Geumcheon-gu Doksan-ro 41,2024-10-22,720000,silver
FM-2026-00027,No Hyunsoo,hyunsoo.no@example.com,010-8788-1127,Pohang Buk-gu Jukdo-ro 7,2022-09-04,3560000,gold
FM-2026-00028,Sim Jiyoon,jiyoon.sim@example.com,010-9899-1128,Seoul Dongdaemun-gu Cheongnyangni-ro 30,2024-02-13,610000,bronze
FM-2026-00029,Gwon Junseo,junseo.gwon@example.com,010-0910-1129,Seoul Jung-gu Toegye-ro 56,2023-05-18,1720000,silver
FM-2026-00030,Bang Subin,subin.bang@example.com,010-1021-1130,Yongin Suji-gu Jukjeon-ro 12,2024-06-29,830000,silver
FM-2026-00031,Jang Hyukjin,hyukjin.jang@example.com,010-2132-1131,Seoul Seocho-gu Gangnam-daero 29,2022-04-07,4180000,gold
FM-2026-00032,Yu Areum,areum.yu@example.com,010-3243-1132,Seoul Gangbuk-gu Insu-ro 88,2024-11-17,260000,bronze
FM-2026-00033,Eom Hyunseok,hyunseok.eom@example.com,010-4354-1133,Changwon Uichang-gu Bonghwa-ro 14,2023-01-26,2640000,gold
FM-2026-00034,Cha Yejun,yejun.cha@example.com,010-5465-1134,Seoul Yeongdeungpo-gu Yeoui-daero 39,2024-04-04,940000,silver
FM-2026-00035,Hong Yumi,yumi.hong@example.com,010-6576-1135,Suwon Paldal-gu Inju-ro 7,2025-02-28,170000,bronze
FM-2026-00036,Baek Daehyun,daehyun.baek@example.com,010-7687-1136,Seoul Gangnam-gu Eonju-ro 92,2022-07-21,5230000,platinum
FM-2026-00037,Jeon Boram,boram.jeon@example.com,010-8798-1137,Daejeon Seo-gu Doan-daero 5,2023-09-15,1190000,silver
FM-2026-00038,Wi Hangyeol,hangyeol.wi@example.com,010-9809-1138,Gimhae Jangyu-myeon Yeoneo-ro 21,2024-08-19,650000,bronze
FM-2026-00039,Pyeon Sojin,sojin.pyeon@example.com,010-0911-1139,Seoul Mapo-gu Worldcup-ro 30,2023-03-12,2890000,gold
FM-2026-00040,Mo Jihye,jihye.mo@example.com,010-2032-1140,Seoul Yongsan-gu Hannam-daero 14,2024-12-26,380000,bronze
FM-2026-00041,Ji Seunghyun,seunghyun.ji@example.com,010-3143-1141,Cheonan Seobuk-gu Buldang-dong 43,2022-10-29,4470000,gold
FM-2026-00042,Tak Yeona,yeona.tak@example.com,010-4254-1142,Seoul Mapo-gu Sangam-dong 22,2024-05-30,750000,bronze
FM-2026-00043,Ham Junseok,junseok.ham@example.com,010-5365-1143,Incheon Bupyeong-gu Bupyeong-daero 7,2023-11-11,1410000,silver
FM-2026-00044,Geum Hyeri,hyeri.geum@example.com,010-6476-1144,Seoul Songpa-gu Olympic-ro 25,2024-09-04,540000,bronze
FM-2026-00045,Tae Sunwoo,sunwoo.tae@example.com,010-7587-1145,Anyang Manan-gu Anyang-ro 88,2022-03-08,3170000,gold
FM-2026-00046,Yeo Jiwon,jiwon.yeo@example.com,010-8698-1146,Seoul Jungnang-gu Mangwoo-ro 17,2023-08-23,980000,silver
FM-2026-00047,Gye Hyunjun,hyunjun.gye@example.com,010-9709-1147,Seoul Guro-gu Digital-ro 49,2024-07-12,460000,bronze
FM-2026-00048,Ku Boa,boa.ku@example.com,010-0810-1148,Seoul Yangcheon-gu Sinjeong-dong 33,2023-04-07,2210000,gold
FM-2026-00049,Pi Inseong,inseong.pi@example.com,010-1921-1149,Hwaseong Dongtan-myeon Cheongdong-ro 18,2024-10-08,710000,silver
FM-2026-00050,Mun Sera,sera.mun@example.com,010-3032-1150,Seoul Gangdong-gu Olympic-ro 88,2025-01-19,290000,bronze
